<?xml version="1.0" encoding="utf-8" ?>
<odoo>
<data noupdate="1">
<!-- <record model="medical.dose.unit" id="ml">
	<field name="name">mL</field>
	<field name="desc">milliliter</field>
</record> -->
<!-- <record model="medical.dose.unit" id="mg">
	<field name="name">mg</field>
	<field name="desc">milligram</field>
</record>
<record model="medical.dose.unit" id="l">
	<field name="name">L</field>
	<field name="desc">Liter</field>
</record>
<record model="medical.dose.unit" id="kg">
	<field name="name">kg</field>
	<field name="desc">Kilogram</field>
</record>
<record model="medical.dose.unit" id="mmol">
	<field name="name">mmol</field>
	<field name="desc">millimol</field>
</record> -->
</data>
</odoo>

