<?xml version="1.0" encoding="utf-8"?>
<odoo>
	<data noupdate="1">  
	    <record id="group_dental_user_menu" model="res.groups">
	        <field name="name">Dental / Receptionist</field>
	    </record>
	    <record id="group_dental_mng_menu" model="res.groups">
	        <field name="name">Dental / Admin</field>
	    </record>
	    <record id="group_dental_doc_menu" model="res.groups">
	        <field name="name">Dental / Doctor</field>
	    </record>
	</data>
	
	<data noupdate="1">  
	<record id="model_medical_appointment_rule" model="ir.rule">
        <field name="name">Doctor Rule</field>
        <field ref="model_medical_appointment" name="model_id"/>
        <field name="domain_force">[('user_id','=',user.id)]</field>
        <field name="groups" eval="[(4, ref('group_dental_doc_menu'))]"/>
    </record>
    
    <record id="model_hr_employee_personal_rule2" model="ir.rule">
        <field name="name">Admin Rule</field>
        <field ref="model_medical_appointment" name="model_id"/>
        <field name="domain_force">[(1,'=',1)]</field>
        <field name="groups" eval="[(4, ref('group_dental_mng_menu')) ,(4, ref('group_dental_user_menu')) ]"/>
    </record>

    </data>
    
</odoo>